configuration,seed,condition,noise_type,target_snr_db,exposure,class_name,precision,recall,f1,support
clean_rr,42,clean,clean,,clean,N,0.9684346145587288,0.9282700421940928,0.9479270663654038,9717
clean_rr,42,clean,clean,,clean,S,0.0761904761904762,0.04020100502512563,0.05263157894736842,199
clean_rr,42,clean,clean,,clean,V,0.4971475142624287,0.7493857493857494,0.5977462028417443,814
clean_rr,42,clean,clean,,clean,F,0.008695652173913044,0.03225806451612903,0.0136986301369863,31
clean_rr,123,clean,clean,,clean,N,0.9478062790927998,0.984871874035196,0.9659836479257091,9717
clean_rr,123,clean,clean,,clean,S,0.0546875,0.035175879396984924,0.04281345565749235,199
clean_rr,123,clean,clean,,clean,V,0.6811320754716981,0.44348894348894347,0.5372023809523809,814
clean_rr,123,clean,clean,,clean,F,0.0,0.0,0.0,31
clean_rr,2026,clean,clean,,clean,N,0.9821214302855772,0.8423381702171452,0.9068749653758794,9717
clean_rr,2026,clean,clean,,clean,S,0.06666666666666667,0.005025125628140704,0.009345794392523364,199
clean_rr,2026,clean,clean,,clean,V,0.32142857142857145,0.9398034398034398,0.47902316844082654,814
clean_rr,2026,clean,clean,,clean,F,0.0625,0.06451612903225806,0.06349206349206349,31
noise_augmented_rr,42,clean,clean,,clean,N,0.9650921658986175,0.8620973551507667,0.9106919606457574,9717
noise_augmented_rr,42,clean,clean,,clean,S,0.0,0.0,0.0,199
noise_augmented_rr,42,clean,clean,,clean,V,0.30966767371601206,0.7555282555282555,0.4392857142857143,814
noise_augmented_rr,42,clean,clean,,clean,F,0.021505376344086023,0.06451612903225806,0.03225806451612903,31
noise_augmented_rr,123,clean,clean,,clean,N,0.970265106281347,0.8361634249253885,0.8982366922779282,9717
noise_augmented_rr,123,clean,clean,,clean,S,0.043478260869565216,0.005025125628140704,0.009009009009009009,199
noise_augmented_rr,123,clean,clean,,clean,V,0.2833333333333333,0.8144963144963145,0.4204185161699429,814
noise_augmented_rr,123,clean,clean,,clean,F,0.125,0.0967741935483871,0.10909090909090909,31
noise_augmented_rr,2026,clean,clean,,clean,N,0.9582062233068944,0.9697437480703921,0.9639404634034064,9717
noise_augmented_rr,2026,clean,clean,,clean,S,0.0,0.0,0.0,199
noise_augmented_rr,2026,clean,clean,,clean,V,0.5609492988133765,0.6388206388206388,0.5973578403216542,814
noise_augmented_rr,2026,clean,clean,,clean,F,0.0,0.0,0.0,31
clean_rr,42,bw_18db,bw,18.0,seen_snr,N,0.9683320851610142,0.9314603272615004,0.9495383969785984,9717
clean_rr,42,bw_18db,bw,18.0,seen_snr,S,0.06542056074766354,0.035175879396984924,0.0457516339869281,199
clean_rr,42,bw_18db,bw,18.0,seen_snr,V,0.5008264462809917,0.7444717444717445,0.5988142292490118,814
clean_rr,42,bw_18db,bw,18.0,seen_snr,F,0.010309278350515464,0.03225806451612903,0.015625,31
clean_rr,123,bw_18db,bw,18.0,seen_snr,N,0.9478898355458688,0.9846660491921375,0.9659280197869871,9717
clean_rr,123,bw_18db,bw,18.0,seen_snr,S,0.05303030303030303,0.035175879396984924,0.04229607250755287,199
clean_rr,123,bw_18db,bw,18.0,seen_snr,V,0.6893939393939394,0.44717444717444715,0.5424739195230999,814
clean_rr,123,bw_18db,bw,18.0,seen_snr,F,0.0,0.0,0.0,31
clean_rr,2026,bw_18db,bw,18.0,seen_snr,N,0.9821300071959702,0.8427498199032624,0.9071171420659098,9717
clean_rr,2026,bw_18db,bw,18.0,seen_snr,S,0.07142857142857142,0.005025125628140704,0.009389671361502348,199
clean_rr,2026,bw_18db,bw,18.0,seen_snr,V,0.32196969696969696,0.9398034398034398,0.47962382445141066,814
clean_rr,2026,bw_18db,bw,18.0,seen_snr,F,0.06060606060606061,0.06451612903225806,0.0625,31
noise_augmented_rr,42,bw_18db,bw,18.0,seen_snr,N,0.9645243031559548,0.8617886178861789,0.9102668623294744,9717
noise_augmented_rr,42,bw_18db,bw,18.0,seen_snr,S,0.0,0.0,0.0,199
noise_augmented_rr,42,bw_18db,bw,18.0,seen_snr,V,0.30730478589420657,0.7493857493857494,0.43586995355484104,814
noise_augmented_rr,42,bw_18db,bw,18.0,seen_snr,F,0.02197802197802198,0.06451612903225806,0.03278688524590164,31
noise_augmented_rr,123,bw_18db,bw,18.0,seen_snr,N,0.9706338784767816,0.8367808994545641,0.8987509671714381,9717
noise_augmented_rr,123,bw_18db,bw,18.0,seen_snr,S,0.047619047619047616,0.005025125628140704,0.00909090909090909,199
noise_augmented_rr,123,bw_18db,bw,18.0,seen_snr,V,0.28388200085506626,0.8157248157248157,0.421186171899778,814
noise_augmented_rr,123,bw_18db,bw,18.0,seen_snr,F,0.16666666666666666,0.12903225806451613,0.14545454545454545,31
noise_augmented_rr,2026,bw_18db,bw,18.0,seen_snr,N,0.9582189691979262,0.9700524853349799,0.9640994169990794,9717
noise_augmented_rr,2026,bw_18db,bw,18.0,seen_snr,S,0.0,0.0,0.0,199
noise_augmented_rr,2026,bw_18db,bw,18.0,seen_snr,V,0.5627705627705628,0.6388206388206388,0.5983889528193326,814
noise_augmented_rr,2026,bw_18db,bw,18.0,seen_snr,F,0.0,0.0,0.0,31
clean_rr,42,bw_12db,bw,12.0,unseen_snr,N,0.9670107481110993,0.9351651744365544,0.9508213874646856,9717
clean_rr,42,bw_12db,bw,12.0,unseen_snr,S,0.07627118644067797,0.04522613065326633,0.056782334384858045,199
clean_rr,42,bw_12db,bw,12.0,unseen_snr,V,0.49291075896580483,0.726044226044226,0.587183308494784,814
clean_rr,42,bw_12db,bw,12.0,unseen_snr,F,0.0,0.0,0.0,31
clean_rr,123,bw_12db,bw,12.0,unseen_snr,N,0.9477648924571316,0.9840485746629618,0.9655659901040089,9717
clean_rr,123,bw_12db,bw,12.0,unseen_snr,S,0.04929577464788732,0.035175879396984924,0.04105571847507331,199
clean_rr,123,bw_12db,bw,12.0,unseen_snr,V,0.6837121212121212,0.44348894348894347,0.5380029806259314,814
clean_rr,123,bw_12db,bw,12.0,unseen_snr,F,0.0,0.0,0.0,31
clean_rr,2026,bw_12db,bw,12.0,unseen_snr,N,0.9821620974500179,0.8442935062262015,0.9080243497509685,9717
clean_rr,2026,bw_12db,bw,12.0,unseen_snr,S,0.07142857142857142,0.005025125628140704,0.009389671361502348,199
clean_rr,2026,bw_12db,bw,12.0,unseen_snr,V,0.3231939163498099,0.9398034398034398,0.48098082364036465,814
clean_rr,2026,bw_12db,bw,12.0,unseen_snr,F,0.07407407407407407,0.06451612903225806,0.06896551724137931,31
noise_augmented_rr,42,bw_12db,bw,12.0,unseen_snr,N,0.9641420526376279,0.863332304209118,0.9109566728200673,9717
noise_augmented_rr,42,bw_12db,bw,12.0,unseen_snr,S,0.0,0.0,0.0,199
noise_augmented_rr,42,bw_12db,bw,12.0,unseen_snr,V,0.30710659898477155,0.7432432432432432,0.43462643678160917,814
noise_augmented_rr,42,bw_12db,bw,12.0,unseen_snr,F,0.023255813953488372,0.06451612903225806,0.03418803418803419,31
noise_augmented_rr,123,bw_12db,bw,12.0,unseen_snr,N,0.9699749791492911,0.8378100236698569,0.89906129210381,9717
noise_augmented_rr,123,bw_12db,bw,12.0,unseen_snr,S,0.045454545454545456,0.005025125628140704,0.00904977375565611,199
noise_augmented_rr,123,bw_12db,bw,12.0,unseen_snr,V,0.28368489022815324,0.8095823095823096,0.4201466369142493,814
noise_augmented_rr,123,bw_12db,bw,12.0,unseen_snr,F,0.17391304347826086,0.12903225806451613,0.14814814814814814,31
noise_augmented_rr,2026,bw_12db,bw,12.0,unseen_snr,N,0.9574489692292069,0.9702583101780385,0.9638110815784093,9717
noise_augmented_rr,2026,bw_12db,bw,12.0,unseen_snr,S,0.0,0.0,0.0,199
noise_augmented_rr,2026,bw_12db,bw,12.0,unseen_snr,V,0.5601750547045952,0.628992628992629,0.5925925925925926,814
noise_augmented_rr,2026,bw_12db,bw,12.0,unseen_snr,F,0.0,0.0,0.0,31
clean_rr,42,bw_6db,bw,6.0,seen_snr,N,0.963613285381849,0.9375321601317279,0.9503938240050076,9717
clean_rr,42,bw_6db,bw,6.0,seen_snr,S,0.05063291139240506,0.04020100502512563,0.04481792717086835,199
clean_rr,42,bw_6db,bw,6.0,seen_snr,V,0.4820647419072616,0.6769041769041769,0.5631067961165048,814
clean_rr,42,bw_6db,bw,6.0,seen_snr,F,0.0,0.0,0.0,31
clean_rr,123,bw_6db,bw,6.0,seen_snr,N,0.9451104726047755,0.9816815889677885,0.9630489651691065,9717
clean_rr,123,bw_6db,bw,6.0,seen_snr,S,0.045454545454545456,0.04020100502512563,0.042666666666666665,199
clean_rr,123,bw_6db,bw,6.0,seen_snr,V,0.6625766871165644,0.39803439803439805,0.49731389102072143,814
clean_rr,123,bw_6db,bw,6.0,seen_snr,F,0.0,0.0,0.0,31
clean_rr,2026,bw_6db,bw,6.0,seen_snr,N,0.9792161520190024,0.848512915508902,0.9091911562000331,9717
clean_rr,2026,bw_6db,bw,6.0,seen_snr,S,0.0625,0.005025125628140704,0.009302325581395349,199
clean_rr,2026,bw_6db,bw,6.0,seen_snr,V,0.32037996545768566,0.9115479115479116,0.4741214057507987,814
clean_rr,2026,bw_6db,bw,6.0,seen_snr,F,0.1111111111111111,0.03225806451612903,0.05,31
noise_augmented_rr,42,bw_6db,bw,6.0,seen_snr,N,0.9624985751738288,0.8689924873932283,0.9133585722011899,9717
noise_augmented_rr,42,bw_6db,bw,6.0,seen_snr,S,0.0,0.0,0.0,199
noise_augmented_rr,42,bw_6db,bw,6.0,seen_snr,V,0.30732984293193716,0.7211302211302212,0.4309838472834068,814
noise_augmented_rr,42,bw_6db,bw,6.0,seen_snr,F,0.04054054054054054,0.0967741935483871,0.05714285714285714,31
noise_augmented_rr,123,bw_6db,bw,6.0,seen_snr,N,0.9687202664129401,0.8382216733559741,0.8987586206896552,9717
noise_augmented_rr,123,bw_6db,bw,6.0,seen_snr,S,0.034482758620689655,0.005025125628140704,0.008771929824561403,199
noise_augmented_rr,123,bw_6db,bw,6.0,seen_snr,V,0.2809917355371901,0.7936117936117936,0.415033729521362,814
noise_augmented_rr,123,bw_6db,bw,6.0,seen_snr,F,0.12,0.0967741935483871,0.10714285714285714,31
noise_augmented_rr,2026,bw_6db,bw,6.0,seen_snr,N,0.9546145274035052,0.9697437480703921,0.9621196651010823,9717
noise_augmented_rr,2026,bw_6db,bw,6.0,seen_snr,S,0.0,0.0,0.0,199
noise_augmented_rr,2026,bw_6db,bw,6.0,seen_snr,V,0.5438202247191011,0.5945945945945946,0.568075117370892,814
noise_augmented_rr,2026,bw_6db,bw,6.0,seen_snr,F,0.0,0.0,0.0,31
clean_rr,42,bw_0db,bw,0.0,unseen_snr,N,0.9507820646506778,0.9383554595039622,0.9445278914383384,9717
clean_rr,42,bw_0db,bw,0.0,unseen_snr,S,0.017482517482517484,0.02512562814070352,0.020618556701030927,199
clean_rr,42,bw_0db,bw,0.0,unseen_snr,V,0.47005649717514125,0.5110565110565111,0.4896998234255444,814
clean_rr,42,bw_0db,bw,0.0,unseen_snr,F,0.0,0.0,0.0,31
clean_rr,123,bw_0db,bw,0.0,unseen_snr,N,0.9380513430468828,0.9739631573530925,0.955669998990205,9717
clean_rr,123,bw_0db,bw,0.0,unseen_snr,S,0.02214022140221402,0.03015075376884422,0.02553191489361702,199
clean_rr,123,bw_0db,bw,0.0,unseen_snr,V,0.6390977443609023,0.3132678132678133,0.42044517724649627,814
clean_rr,123,bw_0db,bw,0.0,unseen_snr,F,0.5,0.03225806451612903,0.06060606060606061,31
clean_rr,2026,bw_0db,bw,0.0,unseen_snr,N,0.9727558505064617,0.8598332818771226,0.9128154703375942,9717
clean_rr,2026,bw_0db,bw,0.0,unseen_snr,S,0.09523809523809523,0.010050251256281407,0.01818181818181818,199
clean_rr,2026,bw_0db,bw,0.0,unseen_snr,V,0.31627906976744186,0.8353808353808354,0.45883940620782726,814
clean_rr,2026,bw_0db,bw,0.0,unseen_snr,F,1.0,0.03225806451612903,0.0625,31
noise_augmented_rr,42,bw_0db,bw,0.0,unseen_snr,N,0.9588568886912042,0.8874138108469692,0.9217530732228755,9717
noise_augmented_rr,42,bw_0db,bw,0.0,unseen_snr,S,0.0,0.0,0.0,199
noise_augmented_rr,42,bw_0db,bw,0.0,unseen_snr,V,0.319533527696793,0.6732186732186732,0.4333728746540134,814
noise_augmented_rr,42,bw_0db,bw,0.0,unseen_snr,F,0.04,0.06451612903225806,0.04938271604938271,31
noise_augmented_rr,123,bw_0db,bw,0.0,unseen_snr,N,0.9641762903605939,0.8420294329525574,0.8989726968082185,9717
noise_augmented_rr,123,bw_0db,bw,0.0,unseen_snr,S,0.02702702702702703,0.005025125628140704,0.00847457627118644,199
noise_augmented_rr,123,bw_0db,bw,0.0,unseen_snr,V,0.27129337539432175,0.7395577395577395,0.3969666996373228,814
noise_augmented_rr,123,bw_0db,bw,0.0,unseen_snr,F,0.10526315789473684,0.06451612903225806,0.08,31
noise_augmented_rr,2026,bw_0db,bw,0.0,unseen_snr,N,0.947637676798074,0.9722136461870948,0.9597683633038707,9717
noise_augmented_rr,2026,bw_0db,bw,0.0,unseen_snr,S,0.0,0.0,0.0,199
noise_augmented_rr,2026,bw_0db,bw,0.0,unseen_snr,V,0.5303030303030303,0.515970515970516,0.523038605230386,814
noise_augmented_rr,2026,bw_0db,bw,0.0,unseen_snr,F,0.0,0.0,0.0,31
clean_rr,42,bw_-6db,bw,-6.0,seen_snr,N,0.9333742080523196,0.9400020582484306,0.936676408757627,9717
clean_rr,42,bw_-6db,bw,-6.0,seen_snr,S,0.021568627450980392,0.05527638190954774,0.031029619181946404,199
clean_rr,42,bw_-6db,bw,-6.0,seen_snr,V,0.5182795698924731,0.29606879606879605,0.37685691946833466,814
clean_rr,42,bw_-6db,bw,-6.0,seen_snr,F,0.0,0.0,0.0,31
clean_rr,123,bw_-6db,bw,-6.0,seen_snr,N,0.9311035449629481,0.9568796953792322,0.9438156625894534,9717
clean_rr,123,bw_-6db,bw,-6.0,seen_snr,S,0.033271719038817,0.09045226130653267,0.04864864864864865,199
clean_rr,123,bw_-6db,bw,-6.0,seen_snr,V,0.6866952789699571,0.19656019656019655,0.30563514804202485,814
clean_rr,123,bw_-6db,bw,-6.0,seen_snr,F,1.0,0.03225806451612903,0.0625,31
clean_rr,2026,bw_-6db,bw,-6.0,seen_snr,N,0.9560039695666557,0.8922506946588453,0.9230277866496327,9717
clean_rr,2026,bw_-6db,bw,-6.0,seen_snr,S,0.05128205128205128,0.010050251256281407,0.01680672268907563,199
clean_rr,2026,bw_-6db,bw,-6.0,seen_snr,V,0.3157894736842105,0.6412776412776413,0.4231860559383867,814
clean_rr,2026,bw_-6db,bw,-6.0,seen_snr,F,0.0,0.0,0.0,31
noise_augmented_rr,42,bw_-6db,bw,-6.0,seen_snr,N,0.9517474395523176,0.9276525676649171,0.9395455493016469,9717
noise_augmented_rr,42,bw_-6db,bw,-6.0,seen_snr,S,0.25,0.005025125628140704,0.009852216748768473,199
noise_augmented_rr,42,bw_-6db,bw,-6.0,seen_snr,V,0.36879432624113473,0.5749385749385749,0.44935189630340855,814
noise_augmented_rr,42,bw_-6db,bw,-6.0,seen_snr,F,0.0,0.0,0.0,31
noise_augmented_rr,123,bw_-6db,bw,-6.0,seen_snr,N,0.9585023762605772,0.8509828136256046,0.9015481901439163,9717
noise_augmented_rr,123,bw_-6db,bw,-6.0,seen_snr,S,0.02702702702702703,0.010050251256281407,0.014652014652014652,199
noise_augmented_rr,123,bw_-6db,bw,-6.0,seen_snr,V,0.25501713166911405,0.64004914004914,0.3647182359117956,814
noise_augmented_rr,123,bw_-6db,bw,-6.0,seen_snr,F,0.058823529411764705,0.03225806451612903,0.041666666666666664,31
noise_augmented_rr,2026,bw_-6db,bw,-6.0,seen_snr,N,0.9356075501376327,0.9794175156941443,0.9570114133440595,9717
noise_augmented_rr,2026,bw_-6db,bw,-6.0,seen_snr,S,0.0,0.0,0.0,199
noise_augmented_rr,2026,bw_-6db,bw,-6.0,seen_snr,V,0.5517826825127334,0.39926289926289926,0.4632929436920884,814
noise_augmented_rr,2026,bw_-6db,bw,-6.0,seen_snr,F,0.0,0.0,0.0,31
clean_rr,42,ma_18db,ma,18.0,seen_snr,N,0.9636824324324325,0.9393845837192549,0.9513783938714889,9717
clean_rr,42,ma_18db,ma,18.0,seen_snr,S,0.05333333333333334,0.06030150753768844,0.05660377358490566,199
clean_rr,42,ma_18db,ma,18.0,seen_snr,V,0.5532574974146846,0.6572481572481572,0.60078607523863,814
clean_rr,42,ma_18db,ma,18.0,seen_snr,F,0.010309278350515464,0.03225806451612903,0.015625,31
clean_rr,123,ma_18db,ma,18.0,seen_snr,N,0.9459352411129814,0.9831223628691983,0.964170367379895,9717
clean_rr,123,ma_18db,ma,18.0,seen_snr,S,0.045714285714285714,0.04020100502512563,0.0427807486631016,199
clean_rr,123,ma_18db,ma,18.0,seen_snr,V,0.6828752642706131,0.3968058968058968,0.5019425019425019,814
clean_rr,123,ma_18db,ma,18.0,seen_snr,F,0.0,0.0,0.0,31
clean_rr,2026,ma_18db,ma,18.0,seen_snr,N,0.9798545714626297,0.84594010497067,0.9079863028830222,9717
clean_rr,2026,ma_18db,ma,18.0,seen_snr,S,0.03571428571428571,0.005025125628140704,0.00881057268722467,199
clean_rr,2026,ma_18db,ma,18.0,seen_snr,V,0.32124352331606215,0.914004914004914,0.47539936102236424,814
clean_rr,2026,ma_18db,ma,18.0,seen_snr,F,0.03571428571428571,0.03225806451612903,0.03389830508474576,31
noise_augmented_rr,42,ma_18db,ma,18.0,seen_snr,N,0.9625560538116592,0.8836060512503859,0.9213929280463594,9717
noise_augmented_rr,42,ma_18db,ma,18.0,seen_snr,S,0.0,0.0,0.0,199
noise_augmented_rr,42,ma_18db,ma,18.0,seen_snr,V,0.33505450372920254,0.7174447174447175,0.4567852952678921,814
noise_augmented_rr,42,ma_18db,ma,18.0,seen_snr,F,0.021052631578947368,0.06451612903225806,0.031746031746031744,31
noise_augmented_rr,123,ma_18db,ma,18.0,seen_snr,N,0.9678920983528289,0.83451682618092,0.8962696877590495,9717
noise_augmented_rr,123,ma_18db,ma,18.0,seen_snr,S,0.03571428571428571,0.005025125628140704,0.00881057268722467,199
noise_augmented_rr,123,ma_18db,ma,18.0,seen_snr,V,0.27727468736524363,0.7899262899262899,0.4104691988509416,814
noise_augmented_rr,123,ma_18db,ma,18.0,seen_snr,F,0.1111111111111111,0.12903225806451613,0.11940298507462686,31
noise_augmented_rr,2026,ma_18db,ma,18.0,seen_snr,N,0.9544536457281357,0.9726252958732119,0.9634537947907641,9717
noise_augmented_rr,2026,ma_18db,ma,18.0,seen_snr,S,0.0,0.0,0.0,199
noise_augmented_rr,2026,ma_18db,ma,18.0,seen_snr,V,0.5611175785797439,0.5921375921375921,0.576210400478183,814
noise_augmented_rr,2026,ma_18db,ma,18.0,seen_snr,F,0.0,0.0,0.0,31
clean_rr,42,ma_12db,ma,12.0,unseen_snr,N,0.9602494978327519,0.9347535247504374,0.9473299958281185,9717
clean_rr,42,ma_12db,ma,12.0,unseen_snr,S,0.047058823529411764,0.12060301507537688,0.06770098730606489,199
clean_rr,42,ma_12db,ma,12.0,unseen_snr,V,0.5875862068965517,0.5233415233415234,0.5536062378167641,814
clean_rr,42,ma_12db,ma,12.0,unseen_snr,F,0.014925373134328358,0.03225806451612903,0.02040816326530612,31
clean_rr,123,ma_12db,ma,12.0,unseen_snr,N,0.9467661691542288,0.9792116908510857,0.9627156371730662,9717
clean_rr,123,ma_12db,ma,12.0,unseen_snr,S,0.06037735849056604,0.08040201005025126,0.06896551724137931,199
clean_rr,123,ma_12db,ma,12.0,unseen_snr,V,0.6721698113207547,0.3501228501228501,0.4604200323101777,814
clean_rr,123,ma_12db,ma,12.0,unseen_snr,F,0.0,0.0,0.0,31
clean_rr,2026,ma_12db,ma,12.0,unseen_snr,N,0.9726422717303475,0.8671400638057013,0.9168661588683351,9717
clean_rr,2026,ma_12db,ma,12.0,unseen_snr,S,0.06896551724137931,0.020100502512562814,0.0311284046692607,199
clean_rr,2026,ma_12db,ma,12.0,unseen_snr,V,0.3315163528245788,0.8218673218673219,0.4724576271186441,814
clean_rr,2026,ma_12db,ma,12.0,unseen_snr,F,0.045454545454545456,0.03225806451612903,0.03773584905660377,31
noise_augmented_rr,42,ma_12db,ma,12.0,unseen_snr,N,0.9575095576187875,0.902130287125656,0.9289953370072065,9717
noise_augmented_rr,42,ma_12db,ma,12.0,unseen_snr,S,0.0,0.0,0.0,199
noise_augmented_rr,42,ma_12db,ma,12.0,unseen_snr,V,0.35290193462308206,0.6498771498771498,0.4574146130566364,814
noise_augmented_rr,42,ma_12db,ma,12.0,unseen_snr,F,0.019417475728155338,0.06451612903225806,0.029850746268656716,31
noise_augmented_rr,123,ma_12db,ma,12.0,unseen_snr,N,0.9663095238095238,0.8353401255531543,0.8960644698349617,9717
noise_augmented_rr,123,ma_12db,ma,12.0,unseen_snr,S,0.05555555555555555,0.010050251256281407,0.01702127659574468,199
noise_augmented_rr,123,ma_12db,ma,12.0,unseen_snr,V,0.27164835164835166,0.7592137592137592,0.40012949174490126,814
noise_augmented_rr,123,ma_12db,ma,12.0,unseen_snr,F,0.08,0.12903225806451613,0.09876543209876543,31
noise_augmented_rr,2026,ma_12db,ma,12.0,unseen_snr,N,0.9501154270801967,0.9741689821961511,0.9619918699186992,9717
noise_augmented_rr,2026,ma_12db,ma,12.0,unseen_snr,S,0.0,0.0,0.0,199
noise_augmented_rr,2026,ma_12db,ma,12.0,unseen_snr,V,0.5551378446115288,0.5442260442260443,0.5496277915632755,814
noise_augmented_rr,2026,ma_12db,ma,12.0,unseen_snr,F,0.0,0.0,0.0,31
clean_rr,42,ma_6db,ma,6.0,seen_snr,N,0.9507917950898076,0.9206545230009262,0.9354804977517516,9717
clean_rr,42,ma_6db,ma,6.0,seen_snr,S,0.03314285714285714,0.1457286432160804,0.054003724394785846,199
clean_rr,42,ma_6db,ma,6.0,seen_snr,V,0.6359649122807017,0.35626535626535627,0.4566929133858268,814
clean_rr,42,ma_6db,ma,6.0,seen_snr,F,0.0,0.0,0.0,31
clean_rr,123,ma_6db,ma,6.0,seen_snr,N,0.9413813694267515,0.9734485952454461,0.9571464710346572,9717
clean_rr,123,ma_6db,ma,6.0,seen_snr,S,0.0339943342776204,0.06030150753768844,0.043478260869565216,199
clean_rr,123,ma_6db,ma,6.0,seen_snr,V,0.668693009118541,0.2702702702702703,0.38495188101487315,814
clean_rr,123,ma_6db,ma,6.0,seen_snr,F,0.03225806451612903,0.03225806451612903,0.03225806451612903,31
clean_rr,2026,ma_6db,ma,6.0,seen_snr,N,0.9616686687779841,0.9062467839868272,0.9331355303592244,9717
clean_rr,2026,ma_6db,ma,6.0,seen_snr,S,0.03125,0.02512562814070352,0.027855153203342618,199
clean_rr,2026,ma_6db,ma,6.0,seen_snr,V,0.35584958217270196,0.6277641277641277,0.45422222222222225,814
clean_rr,2026,ma_6db,ma,6.0,seen_snr,F,0.0,0.0,0.0,31
noise_augmented_rr,42,ma_6db,ma,6.0,seen_snr,N,0.9475683088933432,0.9243593701759802,0.9358199624921859,9717
noise_augmented_rr,42,ma_6db,ma,6.0,seen_snr,S,0.0,0.0,0.0,199
noise_augmented_rr,42,ma_6db,ma,6.0,seen_snr,V,0.36928386540120794,0.5257985257985258,0.43385707045108973,814
noise_augmented_rr,42,ma_6db,ma,6.0,seen_snr,F,0.017857142857142856,0.06451612903225806,0.027972027972027972,31
noise_augmented_rr,123,ma_6db,ma,6.0,seen_snr,N,0.9626629094751673,0.8437789441185551,0.8993089832181639,9717
noise_augmented_rr,123,ma_6db,ma,6.0,seen_snr,S,0.02631578947368421,0.010050251256281407,0.014545454545454545,199
noise_augmented_rr,123,ma_6db,ma,6.0,seen_snr,V,0.26232647199617043,0.6732186732186732,0.3775404753703066,814
noise_augmented_rr,123,ma_6db,ma,6.0,seen_snr,F,0.05063291139240506,0.12903225806451613,0.07272727272727272,31
noise_augmented_rr,2026,ma_6db,ma,6.0,seen_snr,N,0.9424809424809425,0.9797262529587322,0.9607427591078818,9717
noise_augmented_rr,2026,ma_6db,ma,6.0,seen_snr,S,0.0,0.0,0.0,199
noise_augmented_rr,2026,ma_6db,ma,6.0,seen_snr,V,0.5575757575757576,0.4520884520884521,0.4993215739484396,814
noise_augmented_rr,2026,ma_6db,ma,6.0,seen_snr,F,0.0,0.0,0.0,31
clean_rr,42,ma_0db,ma,0.0,unseen_snr,N,0.9381235406495436,0.9096428938972934,0.9236637232875281,9717
clean_rr,42,ma_0db,ma,0.0,unseen_snr,S,0.037132987910189985,0.21608040201005024,0.06337509211495947,199
clean_rr,42,ma_0db,ma,0.0,unseen_snr,V,0.7541899441340782,0.16584766584766586,0.2719033232628399,814
clean_rr,42,ma_0db,ma,0.0,unseen_snr,F,0.0,0.0,0.0,31
clean_rr,123,ma_0db,ma,0.0,unseen_snr,N,0.9323815189371406,0.9677884120613358,0.9497550876129879,9717
clean_rr,123,ma_0db,ma,0.0,unseen_snr,S,0.05321507760532151,0.12060301507537688,0.07384615384615385,199
clean_rr,123,ma_0db,ma,0.0,unseen_snr,V,0.7925531914893617,0.18304668304668303,0.29740518962075846,814
clean_rr,123,ma_0db,ma,0.0,unseen_snr,F,0.0,0.0,0.0,31
clean_rr,2026,ma_0db,ma,0.0,unseen_snr,N,0.9453833470733718,0.9441185551096017,0.9447505277792081,9717
clean_rr,2026,ma_0db,ma,0.0,unseen_snr,S,0.03676470588235294,0.05025125628140704,0.04246284501061571,199
clean_rr,2026,ma_0db,ma,0.0,unseen_snr,V,0.40433673469387754,0.3894348894348894,0.3967459324155194,814
clean_rr,2026,ma_0db,ma,0.0,unseen_snr,F,0.0,0.0,0.0,31
noise_augmented_rr,42,ma_0db,ma,0.0,unseen_snr,N,0.9410324423587023,0.9492641761860656,0.9451303857779599,9717
noise_augmented_rr,42,ma_0db,ma,0.0,unseen_snr,S,0.027777777777777776,0.005025125628140704,0.00851063829787234,199
noise_augmented_rr,42,ma_0db,ma,0.0,unseen_snr,V,0.4280442804428044,0.4275184275184275,0.42778119237861095,814
noise_augmented_rr,42,ma_0db,ma,0.0,unseen_snr,F,0.00909090909090909,0.03225806451612903,0.014184397163120567,31
noise_augmented_rr,123,ma_0db,ma,0.0,unseen_snr,N,0.9566996249573815,0.8663167644334672,0.9092676604018146,9717
noise_augmented_rr,123,ma_0db,ma,0.0,unseen_snr,S,0.03937007874015748,0.02512562814070352,0.03067484662576687,199
noise_augmented_rr,123,ma_0db,ma,0.0,unseen_snr,V,0.2682926829268293,0.5675675675675675,0.3643533123028391,814
noise_augmented_rr,123,ma_0db,ma,0.0,unseen_snr,F,0.017699115044247787,0.06451612903225806,0.027777777777777776,31
noise_augmented_rr,2026,ma_0db,ma,0.0,unseen_snr,N,0.9328604741546832,0.9880621591026036,0.9596681493328002,9717
noise_augmented_rr,2026,ma_0db,ma,0.0,unseen_snr,S,0.0,0.0,0.0,199
noise_augmented_rr,2026,ma_0db,ma,0.0,unseen_snr,V,0.6089743589743589,0.3501228501228501,0.44461778471138846,814
noise_augmented_rr,2026,ma_0db,ma,0.0,unseen_snr,F,0.0,0.0,0.0,31
clean_rr,42,ma_-6db,ma,-6.0,seen_snr,N,0.9301127214170692,0.8916332201296696,0.9104665825977302,9717
clean_rr,42,ma_-6db,ma,-6.0,seen_snr,S,0.039444850255661065,0.271356783919598,0.06887755102040816,199
clean_rr,42,ma_-6db,ma,-6.0,seen_snr,V,0.7532467532467533,0.07125307125307126,0.13019079685746351,814
clean_rr,42,ma_-6db,ma,-6.0,seen_snr,F,0.0,0.0,0.0,31
clean_rr,123,ma_-6db,ma,-6.0,seen_snr,N,0.9242757242757242,0.9521457239888854,0.9380037512039336,9717
clean_rr,123,ma_-6db,ma,-6.0,seen_snr,S,0.03365384615384615,0.10552763819095477,0.05103280680437424,199
clean_rr,123,ma_-6db,ma,-6.0,seen_snr,V,0.8247422680412371,0.09828009828009827,0.1756311745334797,814
clean_rr,123,ma_-6db,ma,-6.0,seen_snr,F,0.0,0.0,0.0,31
clean_rr,2026,ma_-6db,ma,-6.0,seen_snr,N,0.9308264628996582,0.9527631985180611,0.9416670904744953,9717
clean_rr,2026,ma_-6db,ma,-6.0,seen_snr,S,0.04966139954853273,0.11055276381909548,0.06853582554517133,199
clean_rr,2026,ma_-6db,ma,-6.0,seen_snr,V,0.40860215053763443,0.18673218673218672,0.2563237774030354,814
clean_rr,2026,ma_-6db,ma,-6.0,seen_snr,F,0.0,0.0,0.0,31
noise_augmented_rr,42,ma_-6db,ma,-6.0,seen_snr,N,0.9322369724588865,0.9684058865905115,0.9499772853465247,9717
noise_augmented_rr,42,ma_-6db,ma,-6.0,seen_snr,S,0.08823529411764706,0.03015075376884422,0.0449438202247191,199
noise_augmented_rr,42,ma_-6db,ma,-6.0,seen_snr,V,0.45817490494296575,0.29606879606879605,0.3597014925373134,814
noise_augmented_rr,42,ma_-6db,ma,-6.0,seen_snr,F,0.0136986301369863,0.03225806451612903,0.019230769230769232,31
noise_augmented_rr,123,ma_-6db,ma,-6.0,seen_snr,N,0.9520243134700966,0.9026448492333025,0.9266772319070259,9717
noise_augmented_rr,123,ma_-6db,ma,-6.0,seen_snr,S,0.07692307692307693,0.07035175879396985,0.07349081364829396,199
noise_augmented_rr,123,ma_-6db,ma,-6.0,seen_snr,V,0.3074484944532488,0.47665847665847666,0.3737957610789981,814
noise_augmented_rr,123,ma_-6db,ma,-6.0,seen_snr,F,0.009615384615384616,0.03225806451612903,0.014814814814814815,31
noise_augmented_rr,2026,ma_-6db,ma,-6.0,seen_snr,N,0.9229001053538933,0.9916640938561284,0.9560472269074313,9717
noise_augmented_rr,2026,ma_-6db,ma,-6.0,seen_snr,S,0.0,0.0,0.0,199
noise_augmented_rr,2026,ma_-6db,ma,-6.0,seen_snr,V,0.603125,0.2371007371007371,0.3403880070546737,814
noise_augmented_rr,2026,ma_-6db,ma,-6.0,seen_snr,F,0.0,0.0,0.0,31
clean_rr,42,em_18db,em,18.0,seen_snr,N,0.9670075882547015,0.9049089225069465,0.9349282296650717,9717
clean_rr,42,em_18db,em,18.0,seen_snr,S,0.053763440860215055,0.05025125628140704,0.05194805194805195,199
clean_rr,42,em_18db,em,18.0,seen_snr,V,0.4357298474945534,0.7371007371007371,0.5476951163852122,814
clean_rr,42,em_18db,em,18.0,seen_snr,F,0.009523809523809525,0.03225806451612903,0.014705882352941176,31
clean_rr,123,em_18db,em,18.0,seen_snr,N,0.9483941533260416,0.9815786765462592,0.9647011226863558,9717
clean_rr,123,em_18db,em,18.0,seen_snr,S,0.07692307692307693,0.06030150753768844,0.0676056338028169,199
clean_rr,123,em_18db,em,18.0,seen_snr,V,0.6635859519408502,0.44103194103194104,0.529889298892989,814
clean_rr,123,em_18db,em,18.0,seen_snr,F,0.0,0.0,0.0,31
clean_rr,2026,em_18db,em,18.0,seen_snr,N,0.9823317307692307,0.8411032211587939,0.9062482674502411,9717
clean_rr,2026,em_18db,em,18.0,seen_snr,S,0.14285714285714285,0.010050251256281407,0.018779342723004695,199
clean_rr,2026,em_18db,em,18.0,seen_snr,V,0.32090490155006285,0.941031941031941,0.47860043736332397,814
clean_rr,2026,em_18db,em,18.0,seen_snr,F,0.025,0.03225806451612903,0.028169014084507043,31
noise_augmented_rr,42,em_18db,em,18.0,seen_snr,N,0.9640814458933883,0.8673458886487599,0.913158892681077,9717
noise_augmented_rr,42,em_18db,em,18.0,seen_snr,S,0.0,0.0,0.0,199
noise_augmented_rr,42,em_18db,em,18.0,seen_snr,V,0.3145539906103286,0.7407862407862408,0.4415964848041011,814
noise_augmented_rr,42,em_18db,em,18.0,seen_snr,F,0.020618556701030927,0.06451612903225806,0.03125,31
noise_augmented_rr,123,em_18db,em,18.0,seen_snr,N,0.9695194836241932,0.8347226510239786,0.8970856605651717,9717
noise_augmented_rr,123,em_18db,em,18.0,seen_snr,S,0.03333333333333333,0.005025125628140704,0.008733624454148471,199
noise_augmented_rr,123,em_18db,em,18.0,seen_snr,V,0.2807017543859649,0.8058968058968059,0.41637575372897495,814
noise_augmented_rr,123,em_18db,em,18.0,seen_snr,F,0.10714285714285714,0.0967741935483871,0.1016949152542373,31
noise_augmented_rr,2026,em_18db,em,18.0,seen_snr,N,0.9555214723926381,0.9617165791911083,0.9586090167718111,9717
noise_augmented_rr,2026,em_18db,em,18.0,seen_snr,S,0.0,0.0,0.0,199
noise_augmented_rr,2026,em_18db,em,18.0,seen_snr,V,0.5066258919469928,0.6105651105651105,0.5537604456824513,814
noise_augmented_rr,2026,em_18db,em,18.0,seen_snr,F,0.0,0.0,0.0,31
clean_rr,42,em_12db,em,12.0,unseen_snr,N,0.9621714285714286,0.8664196768549964,0.9117885958737207,9717
clean_rr,42,em_12db,em,12.0,unseen_snr,S,0.024336283185840708,0.05527638190954774,0.03379416282642089,199
clean_rr,42,em_12db,em,12.0,unseen_snr,V,0.3761031907671419,0.6805896805896806,0.4844774814167031,814
clean_rr,42,em_12db,em,12.0,unseen_snr,F,0.011627906976744186,0.03225806451612903,0.017094017094017096,31
clean_rr,123,em_12db,em,12.0,unseen_snr,N,0.9498178874949413,0.9661418133168673,0.9579103106984338,9717
clean_rr,123,em_12db,em,12.0,unseen_snr,S,0.06968641114982578,0.10050251256281408,0.0823045267489712,199
clean_rr,123,em_12db,em,12.0,unseen_snr,V,0.6055363321799307,0.42997542997543,0.5028735632183908,814
clean_rr,123,em_12db,em,12.0,unseen_snr,F,0.0,0.0,0.0,31
clean_rr,2026,em_12db,em,12.0,unseen_snr,N,0.9806815454763619,0.8411032211587939,0.9055453991468617,9717
clean_rr,2026,em_12db,em,12.0,unseen_snr,S,0.13043478260869565,0.01507537688442211,0.02702702702702703,199
clean_rr,2026,em_12db,em,12.0,unseen_snr,V,0.31723845828038966,0.9201474201474201,0.47181102362204724,814
clean_rr,2026,em_12db,em,12.0,unseen_snr,F,0.023255813953488372,0.03225806451612903,0.02702702702702703,31
noise_augmented_rr,42,em_12db,em,12.0,unseen_snr,N,0.9615907545887151,0.8734177215189873,0.9153858598932212,9717
noise_augmented_rr,42,em_12db,em,12.0,unseen_snr,S,0.0,0.0,0.0,199
noise_augmented_rr,42,em_12db,em,12.0,unseen_snr,V,0.31863285556780596,0.7100737100737101,0.4398782343987823,814
noise_augmented_rr,42,em_12db,em,12.0,unseen_snr,F,0.018518518518518517,0.06451612903225806,0.02877697841726619,31
noise_augmented_rr,123,em_12db,em,12.0,unseen_snr,N,0.9668646080760095,0.8378100236698569,0.8977228869162486,9717
noise_augmented_rr,123,em_12db,em,12.0,unseen_snr,S,0.0,0.0,0.0,199
noise_augmented_rr,123,em_12db,em,12.0,unseen_snr,V,0.2774846086191733,0.7751842751842751,0.40867875647668395,814
noise_augmented_rr,123,em_12db,em,12.0,unseen_snr,F,0.08571428571428572,0.0967741935483871,0.09090909090909091,31
noise_augmented_rr,2026,em_12db,em,12.0,unseen_snr,N,0.9526310369683864,0.9520428115673562,0.9523368334362775,9717
noise_augmented_rr,2026,em_12db,em,12.0,unseen_snr,S,0.0,0.0,0.0,199
noise_augmented_rr,2026,em_12db,em,12.0,unseen_snr,V,0.4542857142857143,0.585995085995086,0.5118025751072961,814
noise_augmented_rr,2026,em_12db,em,12.0,unseen_snr,F,0.0,0.0,0.0,31
clean_rr,42,em_6db,em,6.0,seen_snr,N,0.9584800291368216,0.8124935679736545,0.8794697560432215,9717
clean_rr,42,em_6db,em,6.0,seen_snr,S,0.027522935779816515,0.1507537688442211,0.04654771140418929,199
clean_rr,42,em_6db,em,6.0,seen_snr,V,0.31098430813124106,0.5356265356265356,0.3935018050541516,814
clean_rr,42,em_6db,em,6.0,seen_snr,F,0.0,0.0,0.0,31
clean_rr,123,em_6db,em,6.0,seen_snr,N,0.9528818289148868,0.9136564783369353,0.9328569927498161,9717
clean_rr,123,em_6db,em,6.0,seen_snr,S,0.050761421319796954,0.20100502512562815,0.08105369807497467,199
clean_rr,123,em_6db,em,6.0,seen_snr,V,0.4845201238390093,0.3845208845208845,0.42876712328767125,814
clean_rr,123,em_6db,em,6.0,seen_snr,F,0.1,0.03225806451612903,0.04878048780487805,31
clean_rr,2026,em_6db,em,6.0,seen_snr,N,0.9736119402985075,0.8391478851497376,0.9013928808313066,9717
clean_rr,2026,em_6db,em,6.0,seen_snr,S,0.023529411764705882,0.010050251256281407,0.014084507042253521,199
clean_rr,2026,em_6db,em,6.0,seen_snr,V,0.30048394192696876,0.8390663390663391,0.44250080984774864,814
clean_rr,2026,em_6db,em,6.0,seen_snr,F,0.0,0.0,0.0,31
noise_augmented_rr,42,em_6db,em,6.0,seen_snr,N,0.9530902623388172,0.8823711021920346,0.9163683001122215,9717
noise_augmented_rr,42,em_6db,em,6.0,seen_snr,S,0.0,0.0,0.0,199
noise_augmented_rr,42,em_6db,em,6.0,seen_snr,V,0.31572327044025156,0.6167076167076168,0.4176372712146423,814
noise_augmented_rr,42,em_6db,em,6.0,seen_snr,F,0.008264462809917356,0.03225806451612903,0.013157894736842105,31
noise_augmented_rr,123,em_6db,em,6.0,seen_snr,N,0.9626419955498302,0.84594010497067,0.9005258545135846,9717
noise_augmented_rr,123,em_6db,em,6.0,seen_snr,S,0.0136986301369863,0.005025125628140704,0.007352941176470588,199
noise_augmented_rr,123,em_6db,em,6.0,seen_snr,V,0.27420123986647593,0.7063882063882064,0.395053246307111,814
noise_augmented_rr,123,em_6db,em,6.0,seen_snr,F,0.038461538461538464,0.06451612903225806,0.04819277108433735,31
noise_augmented_rr,2026,em_6db,em,6.0,seen_snr,N,0.9445526288818284,0.9484408768138314,0.9464927595768717,9717
noise_augmented_rr,2026,em_6db,em,6.0,seen_snr,S,0.0,0.0,0.0,199
noise_augmented_rr,2026,em_6db,em,6.0,seen_snr,V,0.40818363273453095,0.5024570024570024,0.45044052863436124,814
noise_augmented_rr,2026,em_6db,em,6.0,seen_snr,F,0.0,0.0,0.0,31
clean_rr,42,em_0db,em,0.0,unseen_snr,N,0.955177534764412,0.7281053823196459,0.8263256248540061,9717
clean_rr,42,em_0db,em,0.0,unseen_snr,S,0.02814344076259646,0.31155778894472363,0.051623646960865945,199
clean_rr,42,em_0db,em,0.0,unseen_snr,V,0.24956521739130436,0.3525798525798526,0.29226069246435843,814
clean_rr,42,em_0db,em,0.0,unseen_snr,F,0.0,0.0,0.0,31
clean_rr,123,em_0db,em,0.0,unseen_snr,N,0.9558051519960933,0.805701348152722,0.8743578289032834,9717
clean_rr,123,em_0db,em,0.0,unseen_snr,S,0.03729355354288759,0.35175879396984927,0.0674373795761079,199
clean_rr,123,em_0db,em,0.0,unseen_snr,V,0.34252539912917274,0.28992628992628994,0.3140385894876913,814
clean_rr,123,em_0db,em,0.0,unseen_snr,F,0.0,0.0,0.0,31
clean_rr,2026,em_0db,em,0.0,unseen_snr,N,0.964929371651242,0.8154780281980035,0.8839310614088907,9717
clean_rr,2026,em_0db,em,0.0,unseen_snr,S,0.03283582089552239,0.05527638190954774,0.04119850187265917,199
clean_rr,2026,em_0db,em,0.0,unseen_snr,V,0.2494331065759637,0.6756756756756757,0.36435905929115603,814
clean_rr,2026,em_0db,em,0.0,unseen_snr,F,0.0,0.0,0.0,31
noise_augmented_rr,42,em_0db,em,0.0,unseen_snr,N,0.9411257278412767,0.8982196151075434,0.9191722394818598,9717
noise_augmented_rr,42,em_0db,em,0.0,unseen_snr,S,0.022222222222222223,0.010050251256281407,0.01384083044982699,199
noise_augmented_rr,42,em_0db,em,0.0,unseen_snr,V,0.3028169014084507,0.47542997542997545,0.369980879541109,814
noise_augmented_rr,42,em_0db,em,0.0,unseen_snr,F,0.0,0.0,0.0,31
noise_augmented_rr,123,em_0db,em,0.0,unseen_snr,N,0.9555225245826664,0.8600391067201811,0.9052699994583762,9717
noise_augmented_rr,123,em_0db,em,0.0,unseen_snr,S,0.046511627906976744,0.04020100502512563,0.0431266846361186,199
noise_augmented_rr,123,em_0db,em,0.0,unseen_snr,V,0.26007950028392957,0.5626535626535627,0.35572815533980584,814
noise_augmented_rr,123,em_0db,em,0.0,unseen_snr,F,0.012195121951219513,0.03225806451612903,0.017699115044247787,31
noise_augmented_rr,2026,em_0db,em,0.0,unseen_snr,N,0.9338892796141867,0.9565709581146444,0.9450940518556177,9717
noise_augmented_rr,2026,em_0db,em,0.0,unseen_snr,S,0.0,0.0,0.0,199
noise_augmented_rr,2026,em_0db,em,0.0,unseen_snr,V,0.3940520446096654,0.3906633906633907,0.39235040098704504,814
noise_augmented_rr,2026,em_0db,em,0.0,unseen_snr,F,0.0,0.0,0.0,31
clean_rr,42,em_-6db,em,-6.0,seen_snr,N,0.9483429282713552,0.627251209220953,0.7550792864222002,9717
clean_rr,42,em_-6db,em,-6.0,seen_snr,S,0.025470332850940667,0.44221105527638194,0.0481663929939792,199
clean_rr,42,em_-6db,em,-6.0,seen_snr,V,0.19402985074626866,0.2076167076167076,0.20059347181008902,814
clean_rr,42,em_-6db,em,-6.0,seen_snr,F,0.0,0.0,0.0,31
clean_rr,123,em_-6db,em,-6.0,seen_snr,N,0.9484343579431198,0.6795307193578265,0.7917740871754901,9717
clean_rr,123,em_-6db,em,-6.0,seen_snr,S,0.029657089898053754,0.4824120603015075,0.05587892898719441,199
clean_rr,123,em_-6db,em,-6.0,seen_snr,V,0.25535714285714284,0.17567567567567569,0.2081513828238719,814
clean_rr,123,em_-6db,em,-6.0,seen_snr,F,0.0,0.0,0.0,31
clean_rr,2026,em_-6db,em,-6.0,seen_snr,N,0.9536423841059603,0.7409694350108058,0.8339607343487577,9717
clean_rr,2026,em_-6db,em,-6.0,seen_snr,S,0.024320457796852647,0.08542713567839195,0.0378619153674833,199
clean_rr,2026,em_-6db,em,-6.0,seen_snr,V,0.15916398713826366,0.4864864864864865,0.23985463355542097,814
clean_rr,2026,em_-6db,em,-6.0,seen_snr,F,0.0,0.0,0.0,31
noise_augmented_rr,42,em_-6db,em,-6.0,seen_snr,N,0.9311056105610561,0.9290933415663271,0.9300983876783598,9717
noise_augmented_rr,42,em_-6db,em,-6.0,seen_snr,S,0.014084507042253521,0.005025125628140704,0.007407407407407408,199
noise_augmented_rr,42,em_-6db,em,-6.0,seen_snr,V,0.32623318385650224,0.3574938574938575,0.34114888628370454,814
noise_augmented_rr,42,em_-6db,em,-6.0,seen_snr,F,0.0,0.0,0.0,31
noise_augmented_rr,123,em_-6db,em,-6.0,seen_snr,N,0.9455240174672489,0.8913244828650818,0.9176246225565503,9717
noise_augmented_rr,123,em_-6db,em,-6.0,seen_snr,S,0.04779411764705882,0.06532663316582915,0.055201698513800426,199
noise_augmented_rr,123,em_-6db,em,-6.0,seen_snr,V,0.26607717041800644,0.40663390663390664,0.3216715257531584,814
noise_augmented_rr,123,em_-6db,em,-6.0,seen_snr,F,0.0,0.0,0.0,31
noise_augmented_rr,2026,em_-6db,em,-6.0,seen_snr,N,0.9236947791164659,0.9704641350210971,0.9465020576131687,9717
noise_augmented_rr,2026,em_-6db,em,-6.0,seen_snr,S,0.0,0.0,0.0,199
noise_augmented_rr,2026,em_-6db,em,-6.0,seen_snr,V,0.4029038112522686,0.2727272727272727,0.3252747252747253,814
noise_augmented_rr,2026,em_-6db,em,-6.0,seen_snr,F,0.0,0.0,0.0,31
