condition,noise_type,target_snr_db,exposure,class_name,clean_f1_mean,clean_f1_std,noise_aug_f1_mean,noise_aug_f1_std,paired_difference_mean,paired_difference_std,noise_aug_better_seeds,total_seeds
clean,clean,,clean,N,0.9402618932223308,0.03029067922115814,0.924289705442364,0.03489871606080284,-0.015972187779966746,0.06506628088030607,1,3
clean,clean,,clean,S,0.03493027633246138,0.02269412199965142,0.003003003003003003,0.005201353776483115,-0.031927273329458376,0.021703861888713722,0,3
clean,clean,,clean,V,0.5379905840783172,0.05936544173562744,0.4856873569257705,0.09716848994189267,-0.052303227152546795,0.14923875060514427,1,3
clean,clean,,clean,F,0.025730231209683263,0.033412274689093635,0.04711632453567938,0.05604268488997181,0.021386093325996114,0.08632620174081063,2,3
bw_18db,bw,18.0,seen_snr,N,0.9408611862771651,0.030350458377900628,0.9243724154999974,0.03488308969119242,-0.016488770777167778,0.06513966074191273,1,3
bw_18db,bw,18.0,seen_snr,S,0.03247912595199444,0.020070560810531247,0.0030303030303030303,0.00524863881081478,-0.029448822921691414,0.01846972257313924,0,3
bw_18db,bw,18.0,seen_snr,V,0.5403039910745074,0.059624823614481376,0.48514835942465045,0.09834366962447645,-0.05515563164985693,0.15205308170701679,1,3
bw_18db,bw,18.0,seen_snr,F,0.026041666666666668,0.03252603124165832,0.05941381023348236,0.07629548511588216,0.0333721435668157,0.10492069671863948,2,3
bw_12db,bw,12.0,unseen_snr,N,0.9414705757732209,0.029888766336143523,0.9246096821674289,0.034466466419268885,-0.01686089360579209,0.0643092550813014,1,3
bw_12db,bw,12.0,unseen_snr,S,0.0357425747404779,0.024138936376105917,0.0030165912518853697,0.005224889313933266,-0.032725983488592535,0.02370453477677158,0,3
bw_12db,bw,12.0,unseen_snr,V,0.5353890375870267,0.053149472913390866,0.4824552220961504,0.09565613642601625,-0.052933815490876335,0.14355301696825343,1,3
bw_12db,bw,12.0,unseen_snr,F,0.022988505747126436,0.03981725994411212,0.06077872744539411,0.07757104598921989,0.03779022169826767,0.10860164704489102,2,3
bw_6db,bw,6.0,seen_snr,N,0.9408779817913824,0.028161664306522442,0.9247456193306425,0.033179875210328766,-0.016132362460739975,0.06134136438103195,1,3
bw_6db,bw,6.0,seen_snr,S,0.03226230647297679,0.019912998828543457,0.0029239766081871343,0.0050644760455230324,-0.029338329864789653,0.01819093517312241,0,3
bw_6db,bw,6.0,seen_snr,V,0.511514030962675,0.04616094567285829,0.47136423139188693,0.08413291962299219,-0.04014979957078805,0.11878084714124244,1,3
bw_6db,bw,6.0,seen_snr,F,0.016666666666666666,0.02886751345948129,0.05476190476190476,0.05361109642475096,0.03809523809523809,0.0802843585718446,2,3
bw_0db,bw,0.0,unseen_snr,N,0.9376711202553792,0.0222348631612824,0.9268313777783215,0.030714331329707346,-0.010839742477057657,0.05284576864072802,1,3
bw_0db,bw,0.0,unseen_snr,S,0.021444096592155376,0.003743944110437194,0.002824858757062147,0.0048927988914375066,-0.01861923783509323,0.0018204588750205097,0,3
bw_0db,bw,0.0,unseen_snr,V,0.4563281356266226,0.03469555251462793,0.451126059840574,0.0648838426202379,-0.0052020757860485696,0.062306967693998204,1,3
bw_0db,bw,0.0,unseen_snr,F,0.041035353535353536,0.03555027329621487,0.04312757201646091,0.04036514734463939,0.002092218481107369,0.05791327738572431,2,3
bw_-6db,bw,-6.0,seen_snr,N,0.9345066193322378,0.010562430408539616,0.932701717596541,0.02835790553343258,-0.0018049017356968067,0.03833982959583394,2,3
bw_-6db,bw,-6.0,seen_snr,S,0.032161663506556894,0.01595111925440954,0.008168077133594374,0.007469780988975653,-0.02399358637296252,0.00893428406070997,0,3
bw_-6db,bw,-6.0,seen_snr,V,0.3685593744829154,0.059213097591694436,0.42578769196909755,0.05334507519841361,0.0572283174861821,0.016273512480949014,3,3
bw_-6db,bw,-6.0,seen_snr,F,0.020833333333333332,0.036084391824351615,0.013888888888888888,0.024056261216234408,-0.006944444444444445,0.012028130608117206,0,3
ma_18db,ma,18.0,seen_snr,N,0.9411783547114686,0.029448138735693494,0.9270388035320577,0.0339460305766702,-0.01413955117941105,0.06319213712793936,1,3
ma_18db,ma,18.0,seen_snr,S,0.03606503164507731,0.024594169112030592,0.0029368575624082235,0.005086786512683928,-0.03312817408266909,0.02390772340484656,0,3
ma_18db,ma,18.0,seen_snr,V,0.526042646067832,0.06607624183951553,0.48115496486567216,0.08551577092232285,-0.04488768120215986,0.12888317135239916,1,3
ma_18db,ma,18.0,seen_snr,F,0.01650776836158192,0.016966385351328744,0.05038300560688621,0.061844731442545056,0.033875237245304286,0.0781775559276116,2,3
ma_12db,ma,12.0,unseen_snr,N,0.9423039306231732,0.023334302299131898,0.9290172255869558,0.032963705492294736,-0.013286705036217464,0.05605915637633994,1,3
ma_12db,ma,12.0,unseen_snr,S,0.0559316364055683,0.021489532042672753,0.005673758865248227,0.009827238624504268,-0.05025787754032007,0.01834451731645432,0,3
ma_12db,ma,12.0,unseen_snr,V,0.49549463241519526,0.05068476037187051,0.469057298788271,0.07542611955039404,-0.02643733362692426,0.09150468405539142,1,3
ma_12db,ma,12.0,unseen_snr,F,0.019381337440636633,0.018888868533116325,0.04287205945580738,0.050653909940421765,0.023490722015170756,0.0693264927465385,2,3
ma_6db,ma,6.0,seen_snr,N,0.9419208330485445,0.013237815419514111,0.9319572349394104,0.030898506487001084,-0.009963598109133867,0.043644183178132116,2,3
ma_6db,ma,6.0,seen_snr,S,0.04177904615589789,0.013156840115348798,0.0048484848484848485,0.008397822097303647,-0.03693056130741305,0.014795607706958072,0,3
ma_6db,ma,6.0,seen_snr,V,0.43195567220764075,0.04072521784565983,0.436906373256612,0.06094778649322765,0.004950701048971255,0.03561479930916714,1,3
ma_6db,ma,6.0,seen_snr,F,0.01075268817204301,0.01862420223192341,0.033566433566433566,0.036684970765325876,0.022813745394390555,0.02072185109183765,2,3
ma_0db,ma,0.0,unseen_snr,N,0.9393897795599081,0.01384713108170842,0.9380220651708582,0.02594125069287543,-0.0013677143890497752,0.03403654554684068,2,3
ma_0db,ma,0.0,unseen_snr,S,0.05989469699057634,0.015978513104574654,0.013061828307879738,0.015835768113955626,-0.0468328686826966,0.006964571020808864,0,3
ma_0db,ma,0.0,unseen_snr,V,0.3220181484330393,0.06596034847644036,0.4122507631309462,0.04232602104165043,0.09023261469790693,0.05764503962746098,3,3
ma_0db,ma,0.0,unseen_snr,F,0.0,0.0,0.013987391646966114,0.013889936751042017,0.013987391646966114,0.013889936751042017,2,3
ma_-6db,ma,-6.0,seen_snr,N,0.9300458080920531,0.017054752031940137,0.9442339147203272,0.015504479391239157,0.014188106628274263,0.025419155039367824,2,3
ma_-6db,ma,-6.0,seen_snr,S,0.06281539445665124,0.010205450647217855,0.03947821129100435,0.0370490159577052,-0.023337183165646886,0.045499849285680946,1,3
ma_-6db,ma,-6.0,seen_snr,V,0.18738191626465958,0.06388225218127547,0.35796175355699505,0.01677168822829622,0.17057983729233553,0.07654643958764286,3,3
ma_-6db,ma,-6.0,seen_snr,F,0.0,0.0,0.011348528015194682,0.010073081923358448,0.011348528015194682,0.010073081923358448,2,3
em_18db,em,18.0,seen_snr,N,0.9352925399338896,0.029228130504575872,0.92295119000602,0.03190920956255924,-0.012341349927869616,0.06054120937829831,1,3
em_18db,em,18.0,seen_snr,S,0.04611100949129118,0.024931004264452685,0.0029112081513828236,0.005042360429603718,-0.043199801339908354,0.02143022155313183,0,3
em_18db,em,18.0,seen_snr,V,0.5187282842138417,0.035874013628050386,0.47057756140517576,0.07313388747021396,-0.048150722808665926,0.10685456258070439,1,3
em_18db,em,18.0,seen_snr,F,0.014291632145816073,0.014089075237533031,0.044314971751412434,0.05209111308362042,0.030023339605596357,0.06597292705557511,2,3
em_12db,em,12.0,unseen_snr,N,0.925081435239672,0.028601497762490186,0.9218151934152491,0.027868854224317313,-0.003266241824422996,0.05381867522457346,2,3
em_12db,em,12.0,unseen_snr,S,0.047708572200806376,0.030151427579069523,0.0,0.0,-0.047708572200806376,0.030151427579069523,0,3
em_12db,em,12.0,unseen_snr,V,0.4863873560857137,0.015619092722757605,0.45345318866092077,0.052885158878972945,-0.03293416742479294,0.06784946753651593,1,3
em_12db,em,12.0,unseen_snr,F,0.014707014707014708,0.013670712592128424,0.039895356442119036,0.04646320533397354,0.025188341735104324,0.060116790113180295,2,3
em_6db,em,6.0,seen_snr,N,0.9045732098747815,0.026835333618385818,0.9211289714008926,0.023350312280853908,0.016555761526111157,0.042535422871993016,2,3
em_6db,em,6.0,seen_snr,S,0.047228638840472494,0.03348978774976615,0.0024509803921568627,0.004245222567570778,-0.04477765844831563,0.02984751459218458,0,3
em_6db,em,6.0,seen_snr,V,0.4215899127298572,0.025275677661224728,0.4210436820520382,0.027850322924420075,-0.000546230677819004,0.02984367821159834,2,3
em_6db,em,6.0,seen_snr,F,0.016260162601626018,0.028163427765347596,0.020450221940393153,0.02491022527456493,0.004190059338767135,0.007771930682341783,1,3
em_0db,em,0.0,unseen_snr,N,0.86153817172206,0.03086833795092922,0.9231787635986178,0.020212074706921667,0.06164059187655783,0.030969984145860014,3,3
em_0db,em,0.0,unseen_snr,S,0.053419842803211,0.013211336624739299,0.018989171695315197,0.02201946400598351,-0.034430671107895806,0.008929006935356441,0,3
em_0db,em,0.0,unseen_snr,V,0.3235527804144019,0.03697882497477839,0.3726864786226533,0.018460428458034844,0.049133698208251364,0.025686588828222615,3,3
em_0db,em,0.0,unseen_snr,F,0.0,0.0,0.0058997050147492625,0.010218588835214615,0.0058997050147492625,0.010218588835214615,1,3
em_-6db,em,-6.0,seen_snr,N,0.7936047026488161,0.03947257366204965,0.9314083559493596,0.014483217063745663,0.1378036533005436,0.03290935971261615,3,3
em_-6db,em,-6.0,seen_snr,S,0.0473024124495523,0.009039526631913593,0.020869701973735943,0.02996217466982459,-0.026432710475816357,0.022351886197365233,0,3
em_-6db,em,-6.0,seen_snr,V,0.21619982939646065,0.020831294356619817,0.32936504577052944,0.010362911493784738,0.11316521637406877,0.027569374919468446,3,3
em_-6db,em,-6.0,seen_snr,F,0.0,0.0,0.0,0.0,0.0,0.0,0,3
