configuration,seed,condition,noise_type,target_snr_db,exposure,macro_f1,balanced_accuracy
clean_rr,42,clean,clean,,clean,0.40300086957287573,0.4375287152802742
clean_rr,123,clean,clean,,clean,0.3864998711338956,0.36588417423028113
clean_rr,2026,clean,clean,,clean,0.3646839979253232,0.46292071617024594
noise_augmented_rr,42,clean,clean,,clean,0.34555893486190015,0.4205354349278201
noise_augmented_rr,123,clean,clean,,clean,0.35918878163694734,0.4381147646495577
noise_augmented_rr,2026,clean,clean,,clean,0.3903245759312651,0.4021410967227577
clean_rr,42,bw_18db,bw,18.0,seen_snr,0.4024323150536346,0.4358415039115897
clean_rr,123,bw_18db,bw,18.0,seen_snr,0.38767450295440997,0.3667540939408924
clean_rr,2026,bw_18db,bw,18.0,seen_snr,0.3646576594697057,0.46302362859177526
noise_augmented_rr,42,bw_18db,bw,18.0,seen_snr,0.3447309252825543,0.4189226240760466
noise_augmented_rr,123,bw_18db,bw,18.0,seen_snr,0.36862064840416764,0.4466407747180091
noise_augmented_rr,2026,bw_18db,bw,18.0,seen_snr,0.390622092454603,0.40221828103890467
clean_rr,42,bw_12db,bw,12.0,unseen_snr,0.3986967575860819,0.4266088827835117
clean_rr,123,bw_12db,bw,12.0,unseen_snr,0.38615617230125343,0.36567834938722255
clean_rr,2026,bw_12db,bw,12.0,unseen_snr,0.36684009049855365,0.46340955017251
noise_augmented_rr,42,bw_12db,bw,12.0,unseen_snr,0.3449427859474277,0.4177729191211548
noise_augmented_rr,123,bw_12db,bw,12.0,unseen_snr,0.3691014627304659,0.44536242923620584
noise_augmented_rr,2026,bw_12db,bw,12.0,unseen_snr,0.3891009185427505,0.3998127347926669
clean_rr,42,bw_6db,bw,6.0,seen_snr,0.38957963682309515,0.4136593355152576
clean_rr,123,bw_6db,bw,6.0,seen_snr,0.3757573807141237,0.35497924800682806
clean_rr,2026,bw_6db,bw,6.0,seen_snr,0.3606537218830568,0.4493360043002708
noise_augmented_rr,42,bw_6db,bw,6.0,seen_snr,0.3503713191568634,0.42172422551795913
noise_augmented_rr,123,bw_6db,bw,6.0,seen_snr,0.35742678429460895,0.4334081965360739
noise_augmented_rr,2026,bw_6db,bw,6.0,seen_snr,0.38254869561799354,0.3910845856662467
clean_rr,42,bw_0db,bw,0.0,unseen_snr,0.36371156789122844,0.3686343996752942
clean_rr,123,bw_0db,bw,0.0,unseen_snr,0.3655632879340947,0.3374099472264697
clean_rr,2026,bw_0db,bw,0.0,unseen_snr,0.3630841736818099,0.4343806082575921
noise_augmented_rr,42,bw_0db,bw,0.0,unseen_snr,0.3511271659815679,0.4062871532744751
noise_augmented_rr,123,bw_0db,bw,0.0,unseen_snr,0.34610349317918193,0.4127821067926739
noise_augmented_rr,2026,bw_0db,bw,0.0,unseen_snr,0.3707017421335642,0.3720460405394027
clean_rr,42,bw_-6db,bw,-6.0,seen_snr,0.336140736851977,0.3228368090566936
clean_rr,123,bw_-6db,bw,-6.0,seen_snr,0.34014986482003173,0.3190375544405226
clean_rr,2026,bw_-6db,bw,-6.0,seen_snr,0.34075514131927376,0.385894646798192
noise_augmented_rr,42,bw_-6db,bw,-6.0,seen_snr,0.34968741558845595,0.3769040670579082
noise_augmented_rr,123,bw_-6db,bw,-6.0,seen_snr,0.3306462768435983,0.3833350673617888
noise_augmented_rr,2026,bw_-6db,bw,-6.0,seen_snr,0.355076089259037,0.3446701037392609
clean_rr,42,ma_18db,ma,18.0,seen_snr,0.4060983106737562,0.4222980782553074
clean_rr,123,ma_18db,ma,18.0,seen_snr,0.37722340449637465,0.35503231617505515
clean_rr,2026,ma_18db,ma,18.0,seen_snr,0.3565236354193392,0.4493070522799634
noise_augmented_rr,42,ma_18db,ma,18.0,seen_snr,0.3524810637650708,0.41639172443184036
noise_augmented_rr,123,ma_18db,ma,18.0,seen_snr,0.3587381110929606,0.43962512494996664
noise_augmented_rr,2026,ma_18db,ma,18.0,seen_snr,0.38491604881723673,0.391190722002701
clean_rr,42,ma_12db,ma,12.0,unseen_snr,0.3972613460540634,0.4027390319208667
clean_rr,123,ma_12db,ma,12.0,unseen_snr,0.3730252966811558,0.35243413775604676
clean_rr,2026,ma_12db,ma,12.0,unseen_snr,0.36454700992821093,0.4353414881754287
noise_augmented_rr,42,ma_12db,ma,12.0,unseen_snr,0.35406517408312493,0.40413089150876597
noise_augmented_rr,123,ma_12db,ma,12.0,unseen_snr,0.3529951675685933,0.43340909852192777
noise_augmented_rr,2026,ma_12db,ma,12.0,unseen_snr,0.37790491537049364,0.37959875660554887
clean_rr,42,ma_6db,ma,6.0,seen_snr,0.36154428388309107,0.3556621306205907
clean_rr,123,ma_6db,ma,6.0,seen_snr,0.35445866935880616,0.3340696093923835
clean_rr,2026,ma_6db,ma,6.0,seen_snr,0.3538032264461973,0.38978413497291464
noise_augmented_rr,42,ma_6db,ma,6.0,seen_snr,0.3494122652288259,0.378668506251691
noise_augmented_rr,123,ma_6db,ma,6.0,seen_snr,0.34103054646529946,0.4140200316645065
noise_augmented_rr,2026,ma_6db,ma,6.0,seen_snr,0.36501608326408036,0.3579536762617961
clean_rr,42,ma_0db,ma,0.0,unseen_snr,0.31473553466633186,0.3228927404387524
clean_rr,123,ma_0db,ma,0.0,unseen_snr,0.3302516077699751,0.31785952754584895
clean_rr,2026,ma_0db,ma,0.0,unseen_snr,0.3459898263013358,0.34595117520647456
noise_augmented_rr,42,ma_0db,ma,0.0,unseen_snr,0.34890165340439094,0.3535164484621907
noise_augmented_rr,123,ma_0db,ma,0.0,unseen_snr,0.33301839927704957,0.38088152229349903
noise_augmented_rr,2026,ma_0db,ma,0.0,unseen_snr,0.35107148351104717,0.3345462523063634
clean_rr,42,ma_-6db,ma,-6.0,seen_snr,0.2773837326189005,0.3085607688255847
clean_rr,123,ma_-6db,ma,-6.0,seen_snr,0.2911669331354469,0.2889883651149846
clean_rr,2026,ma_-6db,ma,-6.0,seen_snr,0.3166316733556755,0.31251203726733584
noise_augmented_rr,42,ma_-6db,ma,-6.0,seen_snr,0.3434633418348316,0.3317208752360702
noise_augmented_rr,123,ma_-6db,ma,-6.0,seen_snr,0.3471946553622832,0.3704782873004695
noise_augmented_rr,2026,ma_-6db,ma,-6.0,seen_snr,0.32410880849052626,0.3071912077392164
clean_rr,42,em_18db,em,18.0,seen_snr,0.3873193200878192,0.4311297451013049
clean_rr,123,em_18db,em,18.0,seen_snr,0.3905490138455404,0.37072803127897214
clean_rr,2026,em_18db,em,18.0,seen_snr,0.3579492654052692,0.45611086949078633
noise_augmented_rr,42,em_18db,em,18.0,seen_snr,0.34650134437129454,0.4181620646168147
noise_augmented_rr,123,em_18db,em,18.0,seen_snr,0.35597248850063307,0.43560469402432805
noise_augmented_rr,2026,em_18db,em,18.0,seen_snr,0.37809236561356563,0.3930704224390547
clean_rr,42,em_12db,em,12.0,unseen_snr,0.36178856430271544,0.4086359509675884
clean_rr,123,em_12db,em,12.0,unseen_snr,0.3857721001664489,0.37415493896377783
clean_rr,2026,em_12db,em,12.0,unseen_snr,0.35785261920574074,0.4521460206766913
noise_augmented_rr,42,em_12db,em,12.0,unseen_snr,0.34601026817731745,0.4120018901562389
noise_augmented_rr,123,em_12db,em,12.0,unseen_snr,0.3493276835755058,0.4274421231006298
noise_augmented_rr,2026,em_12db,em,12.0,unseen_snr,0.3660348521358934,0.38450947439061056
clean_rr,42,em_6db,em,6.0,seen_snr,0.32987981812539063,0.37471846811110276
clean_rr,123,em_6db,em,6.0,seen_snr,0.37286457547933505,0.38286011312489426
clean_rr,2026,em_6db,em,6.0,seen_snr,0.3394945494303272,0.42206611886808953
noise_augmented_rr,42,em_6db,em,6.0,seen_snr,0.33679086651592643,0.38283419585394507
noise_augmented_rr,123,em_6db,em,6.0,seen_snr,0.33778120327037586,0.4054673915048188
noise_augmented_rr,2026,em_6db,em,6.0,seen_snr,0.3492333220528082,0.36272446981770845
clean_rr,42,em_0db,em,0.0,unseen_snr,0.29255249106980763,0.34806075596105557
clean_rr,123,em_0db,em,0.0,unseen_snr,0.31395844949177065,0.3618466080122153
clean_rr,2026,em_0db,em,0.0,unseen_snr,0.32237215564317645,0.38660752144580673
noise_augmented_rr,42,em_0db,em,0.0,unseen_snr,0.32574848736819895,0.3459249604484501
noise_augmented_rr,123,em_0db,em,0.0,unseen_snr,0.3304559886196371,0.3737879347287496
noise_augmented_rr,2026,em_0db,em,0.0,unseen_snr,0.3343611132106657,0.3368085871945088
clean_rr,42,em_-6db,em,-6.0,seen_snr,0.25095978780656714,0.31926974302851063
clean_rr,123,em_-6db,em,-6.0,seen_snr,0.2639510997466391,0.3344046138337524
clean_rr,2026,em_-6db,em,-6.0,seen_snr,0.2779193208179155,0.3282207642939211
noise_augmented_rr,42,em_-6db,em,-6.0,seen_snr,0.319663670342368,0.32290308117208133
noise_augmented_rr,123,em_-6db,em,-6.0,seen_snr,0.3236244617058773,0.3408212556662044
noise_augmented_rr,2026,em_-6db,em,-6.0,seen_snr,0.3179441957219735,0.3107978519370924
